,Links
2999,https://www.tripadvisor.com/Restaurant_Review-g188590-d10810648-Reviews-IJsmolen-Amsterdam_North_Holland_Province.html
3000,https://www.tripadvisor.com/Restaurant_Review-g188590-d10803625-Reviews-Ibis_Kitchen-Amsterdam_North_Holland_Province.html
3001,https://www.tripadvisor.com/Restaurant_Review-g188590-d8606951-Reviews-Dickys-Amsterdam_North_Holland_Province.html
3002,https://www.tripadvisor.com/Restaurant_Review-g188590-d13165378-Reviews-CavaTaria_Holy_Spanish_food-Amsterdam_North_Holland_Province.html
3003,https://www.tripadvisor.com/Restaurant_Review-g188590-d12711650-Reviews-Pizza_Heart_Bar-Amsterdam_North_Holland_Province.html
3004,https://www.tripadvisor.com/Restaurant_Review-g188590-d10770094-Reviews-Grizzly-Amsterdam_North_Holland_Province.html
3005,https://www.tripadvisor.com/Restaurant_Review-g188590-d12451054-Reviews-De_Jordaan-Amsterdam_North_Holland_Province.html
3006,https://www.tripadvisor.com/Restaurant_Review-g188590-d2700026-Reviews-Smits_Koffiehuis-Amsterdam_North_Holland_Province.html
3007,https://www.tripadvisor.com/Restaurant_Review-g188590-d12986180-Reviews-Toko_Bersama-Amsterdam_North_Holland_Province.html
3008,https://www.tripadvisor.com/Restaurant_Review-g188590-d11994463-Reviews-Royale_Biladi_Cafe_En_Restaurant-Amsterdam_North_Holland_Province.html
3009,https://www.tripadvisor.com/Restaurant_Review-g188590-d14086582-Reviews-Our_Corner-Amsterdam_North_Holland_Province.html
3010,https://www.tripadvisor.com/Restaurant_Review-g188590-d4523228-Reviews-Restaurant_Mendoza-Amsterdam_North_Holland_Province.html
3011,https://www.tripadvisor.com/Restaurant_Review-g188590-d10306134-Reviews-Hot_or_not-Amsterdam_North_Holland_Province.html
3012,https://www.tripadvisor.com/Restaurant_Review-g188590-d19611449-Reviews-PANCAKES_Amsterdam_Spui-Amsterdam_North_Holland_Province.html
3013,https://www.tripadvisor.com/Restaurant_Review-g188590-d16820056-Reviews-Valon_wine_spice-Amsterdam_North_Holland_Province.html
3014,https://www.tripadvisor.com/Restaurant_Review-g188590-d18936329-Reviews-Roberto_s_Trattoria-Amsterdam_North_Holland_Province.html
3015,https://www.tripadvisor.com/Restaurant_Review-g188590-d12374808-Reviews-FC_Hyena-Amsterdam_North_Holland_Province.html
3016,https://www.tripadvisor.com/Restaurant_Review-g188590-d4328782-Reviews-Ashoka_Amsterdam_Centrum-Amsterdam_North_Holland_Province.html
3017,https://www.tripadvisor.com/Restaurant_Review-g188590-d10188653-Reviews-Bakkerij_Van_Eijk-Amsterdam_North_Holland_Province.html
3018,https://www.tripadvisor.com/Restaurant_Review-g188590-d4979355-Reviews-Aan_Tafel_bij_Landmarkt-Amsterdam_North_Holland_Province.html
3019,https://www.tripadvisor.com/Restaurant_Review-g188590-d17422304-Reviews-Booven-Amsterdam_North_Holland_Province.html
3020,https://www.tripadvisor.com/Restaurant_Review-g188590-d17436339-Reviews-Stach_Food-Amsterdam_North_Holland_Province.html
3021,https://www.tripadvisor.com/Restaurant_Review-g188590-d6857652-Reviews-Ziggys-Amsterdam_North_Holland_Province.html
3022,https://www.tripadvisor.com/Restaurant_Review-g188590-d1637711-Reviews-Thai_Co-Amsterdam_North_Holland_Province.html
3023,https://www.tripadvisor.com/Restaurant_Review-g188590-d15699984-Reviews-Cafe_de_Oude_Schaeper-Amsterdam_North_Holland_Province.html
3024,https://www.tripadvisor.com/Restaurant_Review-g188590-d19460183-Reviews-Coffee_Cakes-Amsterdam_North_Holland_Province.html
3025,https://www.tripadvisor.com/Restaurant_Review-g188590-d11657087-Reviews-Paleo_CaVe-Amsterdam_North_Holland_Province.html
3026,https://www.tripadvisor.com/Restaurant_Review-g188590-d10506445-Reviews-Cafe_Topido-Amsterdam_North_Holland_Province.html
3027,https://www.tripadvisor.com/Restaurant_Review-g188590-d19256748-Reviews-The_Breakfast_Club-Amsterdam_North_Holland_Province.html
3028,https://www.tripadvisor.com/Restaurant_Review-g188590-d697038-Reviews-Tomo_Sushi-Amsterdam_North_Holland_Province.html
3029,https://www.tripadvisor.com/Restaurant_Review-g188590-d4301262-Reviews-Steek_House_Me_Me-Amsterdam_North_Holland_Province.html
3030,https://www.tripadvisor.com/Restaurant_Review-g188590-d2255809-Reviews-Tapas_Restaurant_L_amour-Amsterdam_North_Holland_Province.html
3031,https://www.tripadvisor.com/Restaurant_Review-g188590-d2093516-Reviews-Mother_India-Amsterdam_North_Holland_Province.html
3032,https://www.tripadvisor.com/Restaurant_Review-g188590-d8829714-Reviews-Brasserie_Rocks-Amsterdam_North_Holland_Province.html
3033,https://www.tripadvisor.com/Restaurant_Review-g188590-d12458925-Reviews-Stadsschouwburg_Cafe_Brasserie-Amsterdam_North_Holland_Province.html
3034,https://www.tripadvisor.com/Restaurant_Review-g188590-d12067969-Reviews-Tulsi_Indian_Restaurant-Amsterdam_North_Holland_Province.html
3035,https://www.tripadvisor.com/Restaurant_Review-g188590-d12558554-Reviews-Cafe_Keyser-Amsterdam_North_Holland_Province.html
3036,https://www.tripadvisor.com/Restaurant_Review-g188590-d1500527-Reviews-Pizzeria_Azzurro-Amsterdam_North_Holland_Province.html
3037,https://www.tripadvisor.com/Restaurant_Review-g188590-d12113925-Reviews-Vegan_Dining_Amsterdam-Amsterdam_North_Holland_Province.html
3038,https://www.tripadvisor.com/Restaurant_Review-g188590-d6696412-Reviews-Grand_Cafe_ZO-Amsterdam_North_Holland_Province.html
3039,https://www.tripadvisor.com/Restaurant_Review-g188590-d17389091-Reviews-Grizzl_Oude_Doelenstraat-Amsterdam_North_Holland_Province.html
3040,https://www.tripadvisor.com/Restaurant_Review-g188590-d697058-Reviews-Blue_Pepper_Restaurant_And_Candlelight_Cruises-Amsterdam_North_Holland_Province.html
3041,https://www.tripadvisor.com/Restaurant_Review-g188590-d2179703-Reviews-Lunchroom_Downtown-Amsterdam_North_Holland_Province.html
3042,https://www.tripadvisor.com/Restaurant_Review-g188590-d16802432-Reviews-The_Porterhouse_Bar-Amsterdam_North_Holland_Province.html
3043,https://www.tripadvisor.com/Restaurant_Review-g188590-d10495119-Reviews-Herberg_het_Mandelahuisje-Amsterdam_North_Holland_Province.html
3044,https://www.tripadvisor.com/Restaurant_Review-g188590-d13160502-Reviews-King_Kumpir-Amsterdam_North_Holland_Province.html
3045,https://www.tripadvisor.com/Restaurant_Review-g188590-d9803028-Reviews-Tjin_s_Exotische_Broodjes-Amsterdam_North_Holland_Province.html
3046,https://www.tripadvisor.com/Restaurant_Review-g188590-d14880682-Reviews-Ama_Sushi_ramen-Amsterdam_North_Holland_Province.html
3047,https://www.tripadvisor.com/Restaurant_Review-g188590-d15191497-Reviews-Dimitri_s_Grand_Cafe-Amsterdam_North_Holland_Province.html
3048,https://www.tripadvisor.com/Restaurant_Review-g188590-d4419549-Reviews-Milk_Honey-Amsterdam_North_Holland_Province.html
3049,https://www.tripadvisor.com/Restaurant_Review-g188590-d13815660-Reviews-McDonald_s_Amsterdam-Amsterdam_North_Holland_Province.html
3050,https://www.tripadvisor.com/Restaurant_Review-g188590-d1381958-Reviews-Cafe_Cox-Amsterdam_North_Holland_Province.html
3051,https://www.tripadvisor.com/Restaurant_Review-g188590-d10795530-Reviews-Restaurant_Sweet_Asia-Amsterdam_North_Holland_Province.html
3052,https://www.tripadvisor.com/Restaurant_Review-g188590-d13125695-Reviews-Bayu_Food_Art_and_Private_Dining-Amsterdam_North_Holland_Province.html
3053,https://www.tripadvisor.com/Restaurant_Review-g188590-d10751199-Reviews-Famous_Burger-Amsterdam_North_Holland_Province.html
3054,https://www.tripadvisor.com/Restaurant_Review-g188590-d6856015-Reviews-Manis-Amsterdam_North_Holland_Province.html
3055,https://www.tripadvisor.com/Restaurant_Review-g188590-d10462541-Reviews-Bongusta-Amsterdam_North_Holland_Province.html
3056,https://www.tripadvisor.com/Restaurant_Review-g188590-d10920368-Reviews-Bar_James-Amsterdam_North_Holland_Province.html
3057,https://www.tripadvisor.com/Restaurant_Review-g188590-d7226542-Reviews-Lunchroom_Lastig-Amsterdam_North_Holland_Province.html
3058,https://www.tripadvisor.com/Restaurant_Review-g188590-d15124156-Reviews-Wenbo-Amsterdam_North_Holland_Province.html
3059,https://www.tripadvisor.com/Restaurant_Review-g188590-d11646231-Reviews-Bar_Wisse-Amsterdam_North_Holland_Province.html
3060,https://www.tripadvisor.com/Restaurant_Review-g188590-d12251351-Reviews-Lago-Amsterdam_North_Holland_Province.html
3061,https://www.tripadvisor.com/Restaurant_Review-g188590-d12527904-Reviews-Lo_Sbrano-Amsterdam_North_Holland_Province.html
3062,https://www.tripadvisor.com/Restaurant_Review-g188590-d13108500-Reviews-JuiceBrothers_Haarlemmerplein-Amsterdam_North_Holland_Province.html
3063,https://www.tripadvisor.com/Restaurant_Review-g188590-d12402266-Reviews-YoYo_s_ice_corner-Amsterdam_North_Holland_Province.html
3064,https://www.tripadvisor.com/Restaurant_Review-g188590-d15667678-Reviews-Five_Brothers_Fat_Hobbema-Amsterdam_North_Holland_Province.html
3065,https://www.tripadvisor.com/Restaurant_Review-g188590-d7988671-Reviews-Cafe_Panache-Amsterdam_North_Holland_Province.html
3066,https://www.tripadvisor.com/Restaurant_Review-g188590-d8499322-Reviews-Blender_Kids_Conceptstore_Cafe-Amsterdam_North_Holland_Province.html
3067,https://www.tripadvisor.com/Restaurant_Review-g188590-d7304495-Reviews-Steakhouse_de_Markies-Amsterdam_North_Holland_Province.html
3068,https://www.tripadvisor.com/Restaurant_Review-g188590-d1773308-Reviews-Restaurant_Grill_Steakhouse_Santa_Maria_Argentijns-Amsterdam_North_Holland_Provin.html
3069,https://www.tripadvisor.com/Restaurant_Review-g188590-d14107698-Reviews-Bennie_s-Amsterdam_North_Holland_Province.html
3070,https://www.tripadvisor.com/Restaurant_Review-g188590-d13198150-Reviews-Leuk_Amsterdam-Amsterdam_North_Holland_Province.html
3071,https://www.tripadvisor.com/Restaurant_Review-g188590-d15321373-Reviews-Le_Coeur_Bistrotheque-Amsterdam_North_Holland_Province.html
3072,https://www.tripadvisor.com/Restaurant_Review-g188590-d2427173-Reviews-Brasserie_t_Plein-Amsterdam_North_Holland_Province.html
3073,https://www.tripadvisor.com/Restaurant_Review-g188590-d16697943-Reviews-Arti_Choc-Amsterdam_North_Holland_Province.html
3074,https://www.tripadvisor.com/Restaurant_Review-g188590-d3299311-Reviews-Pomorosso_Pizzeria-Amsterdam_North_Holland_Province.html
3075,https://www.tripadvisor.com/Restaurant_Review-g188590-d10440989-Reviews-Bistro_G_P_by_George-Amsterdam_North_Holland_Province.html
3076,https://www.tripadvisor.com/Restaurant_Review-g188590-d12834077-Reviews-Merza-Amsterdam_North_Holland_Province.html
3077,https://www.tripadvisor.com/Restaurant_Review-g188590-d10409266-Reviews-JuiceBrothers-Amsterdam_North_Holland_Province.html
3078,https://www.tripadvisor.com/Restaurant_Review-g188590-d1475669-Reviews-LA_BOCA-Amsterdam_North_Holland_Province.html
3079,https://www.tripadvisor.com/Restaurant_Review-g188590-d16697712-Reviews-Hempstory-Amsterdam_North_Holland_Province.html
3080,https://www.tripadvisor.com/Restaurant_Review-g188590-d14193784-Reviews-Cotton_House-Amsterdam_North_Holland_Province.html
3081,https://www.tripadvisor.com/Restaurant_Review-g188590-d8778853-Reviews-Eminonu_Balikcisi-Amsterdam_North_Holland_Province.html
3082,https://www.tripadvisor.com/Restaurant_Review-g188590-d8500539-Reviews-Cafe_Krull-Amsterdam_North_Holland_Province.html
3083,https://www.tripadvisor.com/Restaurant_Review-g188590-d12193318-Reviews-Locatie_NRD-Amsterdam_North_Holland_Province.html
3084,https://www.tripadvisor.com/Restaurant_Review-g188590-d7083206-Reviews-Dutch_Pancake_House_Candela-Amsterdam_North_Holland_Province.html
3085,https://www.tripadvisor.com/Restaurant_Review-g188590-d7991965-Reviews-Cafe_Struik-Amsterdam_North_Holland_Province.html
3086,https://www.tripadvisor.com/Restaurant_Review-g188590-d10815488-Reviews-De_Ouwe_Garde-Amsterdam_North_Holland_Province.html
3087,https://www.tripadvisor.com/Restaurant_Review-g188590-d9710669-Reviews-Tripel-Amsterdam_North_Holland_Province.html
3088,https://www.tripadvisor.com/Restaurant_Review-g188590-d10744087-Reviews-Cafe_DS-Amsterdam_North_Holland_Province.html
3089,https://www.tripadvisor.com/Restaurant_Review-g188590-d15288172-Reviews-De_bierfabiek-Amsterdam_North_Holland_Province.html
3090,https://www.tripadvisor.com/Restaurant_Review-g188590-d14176608-Reviews-Ashoka_Kinker-Amsterdam_North_Holland_Province.html
3091,https://www.tripadvisor.com/Restaurant_Review-g188590-d11996693-Reviews-The_old_church_II_Coffeeshop-Amsterdam_North_Holland_Province.html
3092,https://www.tripadvisor.com/Restaurant_Review-g188590-d20941342-Reviews-Betsubara_Japanese_Kitchen_Oost-Amsterdam_North_Holland_Province.html
3093,https://www.tripadvisor.com/Restaurant_Review-g188590-d7938114-Reviews-Royal_Med-Amsterdam_North_Holland_Province.html
3094,https://www.tripadvisor.com/Restaurant_Review-g188590-d20960676-Reviews-Portugalia_Tasca-Amsterdam_North_Holland_Province.html
3095,https://www.tripadvisor.com/Restaurant_Review-g188590-d10696880-Reviews-Broodje_van_het_land-Amsterdam_North_Holland_Province.html
3096,https://www.tripadvisor.com/Restaurant_Review-g188590-d13198083-Reviews-Sotto_Pizza_Kadijksplein-Amsterdam_North_Holland_Province.html
3097,https://www.tripadvisor.com/Restaurant_Review-g188590-d10757566-Reviews-De_Beren-Amsterdam_North_Holland_Province.html
3098,https://www.tripadvisor.com/Restaurant_Review-g188590-d10520707-Reviews-Mauresque-Amsterdam_North_Holland_Province.html
3099,https://www.tripadvisor.com/Restaurant_Review-g188590-d3156885-Reviews-Toon_Grill-Amsterdam_North_Holland_Province.html
3100,https://www.tripadvisor.com/Restaurant_Review-g188590-d12079137-Reviews-Coffeeshop_Happy_Days-Amsterdam_North_Holland_Province.html
3101,https://www.tripadvisor.com/Restaurant_Review-g188590-d1425824-Reviews-The_Tara-Amsterdam_North_Holland_Province.html
3102,https://www.tripadvisor.com/Restaurant_Review-g188590-d19409911-Reviews-La_Zoccola_Leidseplein-Amsterdam_North_Holland_Province.html
3103,https://www.tripadvisor.com/Restaurant_Review-g188590-d2208128-Reviews-Dorst_Cafe-Amsterdam_North_Holland_Province.html
3104,https://www.tripadvisor.com/Restaurant_Review-g188590-d11915553-Reviews-Pasta_Pasta-Amsterdam_North_Holland_Province.html
3105,https://www.tripadvisor.com/Restaurant_Review-g188590-d11725546-Reviews-Urban_Salad-Amsterdam_North_Holland_Province.html
3106,https://www.tripadvisor.com/Restaurant_Review-g188590-d10342597-Reviews-Restaurant_First-Amsterdam_North_Holland_Province.html
3107,https://www.tripadvisor.com/Restaurant_Review-g188590-d13965638-Reviews-Fifty-Amsterdam_North_Holland_Province.html
3108,https://www.tripadvisor.com/Restaurant_Review-g188590-d10751199-Reviews-Famous_Burger-Amsterdam_North_Holland_Province.html
3109,https://www.tripadvisor.com/Restaurant_Review-g188590-d5031529-Reviews-Hira_restaurant-Amsterdam_North_Holland_Province.html
3110,https://www.tripadvisor.com/Restaurant_Review-g188590-d15873648-Reviews-De_Soepbar_Utrechtsestraat-Amsterdam_North_Holland_Province.html
3111,https://www.tripadvisor.com/Restaurant_Review-g188590-d20034599-Reviews-Oshima-Amsterdam_North_Holland_Province.html
3112,https://www.tripadvisor.com/Restaurant_Review-g188590-d7908867-Reviews-Kam_Kee-Amsterdam_North_Holland_Province.html
3113,https://www.tripadvisor.com/Restaurant_Review-g188590-d14071995-Reviews-Rancho-Amsterdam_North_Holland_Province.html
3114,https://www.tripadvisor.com/Restaurant_Review-g188590-d17250311-Reviews-Tacos_Tequila-Amsterdam_North_Holland_Province.html
3115,https://www.tripadvisor.com/Restaurant_Review-g188590-d12585326-Reviews-Nour_Kebab_Restaurant-Amsterdam_North_Holland_Province.html
3116,https://www.tripadvisor.com/Restaurant_Review-g188590-d15006622-Reviews-Cosmetibles_Kinders-Amsterdam_North_Holland_Province.html
3117,https://www.tripadvisor.com/Restaurant_Review-g188590-d12296001-Reviews-Zwart-Amsterdam_North_Holland_Province.html
3118,https://www.tripadvisor.com/Restaurant_Review-g188590-d11827521-Reviews-La_Mancha-Amsterdam_North_Holland_Province.html
3119,https://www.tripadvisor.com/Restaurant_Review-g188590-d13397202-Reviews-Ramen_Dining_Bar_SORA-Amsterdam_North_Holland_Province.html
3120,https://www.tripadvisor.com/Restaurant_Review-g188590-d4505789-Reviews-Emmanuel_s_Snack_Bar-Amsterdam_North_Holland_Province.html
3121,https://www.tripadvisor.com/Restaurant_Review-g188590-d2481057-Reviews-Grand_Cafe_Restaurant_1e_klas-Amsterdam_North_Holland_Province.html
3122,https://www.tripadvisor.com/Restaurant_Review-g188590-d14075005-Reviews-Rayleigh_Ramsay_Van_Wou-Amsterdam_North_Holland_Province.html
3123,https://www.tripadvisor.com/Restaurant_Review-g188590-d16842373-Reviews-Il_Padrino-Amsterdam_North_Holland_Province.html
3124,https://www.tripadvisor.com/Restaurant_Review-g188590-d19509627-Reviews-Rum_Barrel_West-Amsterdam_North_Holland_Province.html
3125,https://www.tripadvisor.com/Restaurant_Review-g188590-d20068175-Reviews-Beyoglu-Amsterdam_North_Holland_Province.html
3126,https://www.tripadvisor.com/Restaurant_Review-g188590-d4153956-Reviews-L_Incontro_Trattoria-Amsterdam_North_Holland_Province.html
3127,https://www.tripadvisor.com/Restaurant_Review-g188590-d2228019-Reviews-Amigo_Argentijns_Restaurant-Amsterdam_North_Holland_Province.html
3128,https://www.tripadvisor.com/Restaurant_Review-g188590-d12878239-Reviews-Cafe_Binnenvisser-Amsterdam_North_Holland_Province.html
3129,https://www.tripadvisor.com/Restaurant_Review-g188590-d1788087-Reviews-Mogul_Indian_Restaurant-Amsterdam_North_Holland_Province.html
3130,https://www.tripadvisor.com/Restaurant_Review-g188590-d7105050-Reviews-Cafe_Lowietje-Amsterdam_North_Holland_Province.html
3131,https://www.tripadvisor.com/Restaurant_Review-g188590-d4355671-Reviews-Pizza_Amsterdam-Amsterdam_North_Holland_Province.html
3132,https://www.tripadvisor.com/Restaurant_Review-g188590-d17593407-Reviews-Bar_Content-Amsterdam_North_Holland_Province.html
3133,https://www.tripadvisor.com/Restaurant_Review-g188590-d17250311-Reviews-Tacos_Tequila-Amsterdam_North_Holland_Province.html
3134,https://www.tripadvisor.com/Restaurant_Review-g188590-d17821847-Reviews-Smoked_Crispy_Bacon_Sandwich_House-Amsterdam_North_Holland_Province.html
3135,https://www.tripadvisor.com/Restaurant_Review-g188590-d13962859-Reviews-The_Pom_Bar-Amsterdam_North_Holland_Province.html
3136,https://www.tripadvisor.com/Restaurant_Review-g188590-d15605357-Reviews-Restaurant_JinSo-Amsterdam_North_Holland_Province.html
3137,https://www.tripadvisor.com/Restaurant_Review-g188590-d17615256-Reviews-De_Pizzabakkers_Copernicusstraat-Amsterdam_North_Holland_Province.html
3138,https://www.tripadvisor.com/Restaurant_Review-g188590-d12322850-Reviews-American_Grill_Restaurant_Cafe-Amsterdam_North_Holland_Province.html
3139,https://www.tripadvisor.com/Restaurant_Review-g188590-d948896-Reviews-De_Blauwe_Hollander-Amsterdam_North_Holland_Province.html
3140,https://www.tripadvisor.com/Restaurant_Review-g188590-d15215856-Reviews-Virgill_s_Chicken_Waffles-Amsterdam_North_Holland_Province.html
3141,https://www.tripadvisor.com/Restaurant_Review-g188590-d17434900-Reviews-Rodja-Amsterdam_North_Holland_Province.html
3142,https://www.tripadvisor.com/Restaurant_Review-g188590-d14069979-Reviews-Sanks_Sushi-Amsterdam_North_Holland_Province.html
3143,https://www.tripadvisor.com/Restaurant_Review-g188590-d10391419-Reviews-Cafe_Brel-Amsterdam_North_Holland_Province.html
3144,https://www.tripadvisor.com/Restaurant_Review-g188590-d19127483-Reviews-Taiko_Bar-Amsterdam_North_Holland_Province.html
3145,https://www.tripadvisor.com/Restaurant_Review-g188590-d10761792-Reviews-Wurst_Schnitzelhaus_Central_Station-Amsterdam_North_Holland_Province.html
3146,https://www.tripadvisor.com/Restaurant_Review-g188590-d13984131-Reviews-Sportclub_Match_Eetcafe_Thijs-Amsterdam_North_Holland_Province.html
3147,https://www.tripadvisor.com/Restaurant_Review-g188590-d16812947-Reviews-Four_seasons_burger_steaks_fries-Amsterdam_North_Holland_Province.html
3148,https://www.tripadvisor.com/Restaurant_Review-g188590-d4794088-Reviews-Grand_cafe_sloterplas-Amsterdam_North_Holland_Province.html
3149,https://www.tripadvisor.com/Restaurant_Review-g188590-d12617815-Reviews-Napoli_Pizza-Amsterdam_North_Holland_Province.html
3150,https://www.tripadvisor.com/Restaurant_Review-g188590-d7723074-Reviews-Golden_Garden-Amsterdam_North_Holland_Province.html
3151,https://www.tripadvisor.com/Restaurant_Review-g188590-d15191497-Reviews-Dimitri_s_Grand_Cafe-Amsterdam_North_Holland_Province.html
3152,https://www.tripadvisor.com/Restaurant_Review-g188590-d1063645-Reviews-Cedars_Libanees_Restaurant-Amsterdam_North_Holland_Province.html
3153,https://www.tripadvisor.com/Restaurant_Review-g188590-d19507509-Reviews-The_Bakery_Company-Amsterdam_North_Holland_Province.html
3154,https://www.tripadvisor.com/Restaurant_Review-g188590-d6892919-Reviews-Cons_Ijk_Fabriek-Amsterdam_North_Holland_Province.html
3155,https://www.tripadvisor.com/Restaurant_Review-g188590-d12618306-Reviews-Restaurant_Urban_Food_Drink-Amsterdam_North_Holland_Province.html
3156,https://www.tripadvisor.com/Restaurant_Review-g188590-d13712715-Reviews-Hartje_oost-Amsterdam_North_Holland_Province.html
3157,https://www.tripadvisor.com/Restaurant_Review-g188590-d12854399-Reviews-Burgerking-Amsterdam_North_Holland_Province.html
3158,https://www.tripadvisor.com/Restaurant_Review-g188590-d4005067-Reviews-Vandaag_Amsterdam-Amsterdam_North_Holland_Province.html
3159,https://www.tripadvisor.com/Restaurant_Review-g188590-d7916785-Reviews-Over_Taart-Amsterdam_North_Holland_Province.html
3160,https://www.tripadvisor.com/Restaurant_Review-g188590-d10302231-Reviews-Kings_Cross_Cafe_Bar-Amsterdam_North_Holland_Province.html
3161,https://www.tripadvisor.com/Restaurant_Review-g188590-d12878046-Reviews-Mukki_s_Rantang-Amsterdam_North_Holland_Province.html
3162,https://www.tripadvisor.com/Restaurant_Review-g188590-d13227766-Reviews-La_Casa-Amsterdam_North_Holland_Province.html
3163,https://www.tripadvisor.com/Restaurant_Review-g188590-d6458891-Reviews-Juggle_Juice_Bar-Amsterdam_North_Holland_Province.html
3164,https://www.tripadvisor.com/Restaurant_Review-g188590-d17351655-Reviews-El_Pibe-Amsterdam_North_Holland_Province.html
3165,https://www.tripadvisor.com/Restaurant_Review-g188590-d17426079-Reviews-Via_Vai_Restaurant-Amsterdam_North_Holland_Province.html
3166,https://www.tripadvisor.com/Restaurant_Review-g188590-d9557939-Reviews-Staal-Amsterdam_North_Holland_Province.html
3167,https://www.tripadvisor.com/Restaurant_Review-g188590-d14772276-Reviews-Local_Deli-Amsterdam_North_Holland_Province.html
3168,https://www.tripadvisor.com/Restaurant_Review-g188590-d2468603-Reviews-JinSo-Amsterdam_North_Holland_Province.html
3169,https://www.tripadvisor.com/Restaurant_Review-g188590-d5946688-Reviews-Dok_Amsterdam-Amsterdam_North_Holland_Province.html
3170,https://www.tripadvisor.com/Restaurant_Review-g188590-d7988671-Reviews-Cafe_Panache-Amsterdam_North_Holland_Province.html
3171,https://www.tripadvisor.com/Restaurant_Review-g188590-d15437308-Reviews-Flink_In-Amsterdam_North_Holland_Province.html
3172,https://www.tripadvisor.com/Restaurant_Review-g188590-d14208701-Reviews-My_Bookstore-Amsterdam_North_Holland_Province.html
3173,https://www.tripadvisor.com/Restaurant_Review-g188590-d12905343-Reviews-Waroeng_Adji-Amsterdam_North_Holland_Province.html
3174,https://www.tripadvisor.com/Restaurant_Review-g188590-d10237352-Reviews-De_verkeerstoren_Johns_bistro-Amsterdam_North_Holland_Province.html
3175,https://www.tripadvisor.com/Restaurant_Review-g188590-d753182-Reviews-Meram-Amsterdam_North_Holland_Province.html
3176,https://www.tripadvisor.com/Restaurant_Review-g188590-d13230913-Reviews-Indian_Restaurant_Swagat-Amsterdam_North_Holland_Province.html
3177,https://www.tripadvisor.com/Restaurant_Review-g188590-d13447894-Reviews-Sumo_Oriental_Amsterdam-Amsterdam_North_Holland_Province.html
3178,https://www.tripadvisor.com/Restaurant_Review-g188590-d8497182-Reviews-Sushi_Kings-Amsterdam_North_Holland_Province.html
3179,https://www.tripadvisor.com/Restaurant_Review-g188590-d13023698-Reviews-JuiceBrothers_Admiraal_de_Ruijterweg-Amsterdam_North_Holland_Province.html
3180,https://www.tripadvisor.com/Restaurant_Review-g188590-d15322049-Reviews-Amstel_Place-Amsterdam_North_Holland_Province.html
3181,https://www.tripadvisor.com/Restaurant_Review-g188590-d12634403-Reviews-CIRO_1939-Amsterdam_North_Holland_Province.html
3182,https://www.tripadvisor.com/Restaurant_Review-g188590-d10134584-Reviews-Restaurant_Pizzeria_Lucca_Due-Amsterdam_North_Holland_Province.html
3183,https://www.tripadvisor.com/Restaurant_Review-g188590-d6676554-Reviews-Les_Petites_Puces-Amsterdam_North_Holland_Province.html
3184,https://www.tripadvisor.com/Restaurant_Review-g188590-d11912900-Reviews-New_York_Pizza-Amsterdam_North_Holland_Province.html
3185,https://www.tripadvisor.com/Restaurant_Review-g188590-d8670165-Reviews-Shirkhan-Amsterdam_North_Holland_Province.html
3186,https://www.tripadvisor.com/Restaurant_Review-g188590-d17593003-Reviews-Bootoe-Amsterdam_North_Holland_Province.html
3187,https://www.tripadvisor.com/Restaurant_Review-g188590-d15029569-Reviews-Coffee_Fellows-Amsterdam_North_Holland_Province.html
3188,https://www.tripadvisor.com/Restaurant_Review-g188590-d5971541-Reviews-Restaurant_Johannes-Amsterdam_North_Holland_Province.html
3189,https://www.tripadvisor.com/Restaurant_Review-g188590-d2228019-Reviews-Amigo_Argentijns_Restaurant-Amsterdam_North_Holland_Province.html
3190,https://www.tripadvisor.com/Restaurant_Review-g188590-d12400697-Reviews-Ice_Bakery_Paleis-Amsterdam_North_Holland_Province.html
3191,https://www.tripadvisor.com/Restaurant_Review-g188590-d4092490-Reviews-Oriental_Grill-Amsterdam_North_Holland_Province.html
3192,https://www.tripadvisor.com/Restaurant_Review-g188590-d3802513-Reviews-Podium_Mozaiek-Amsterdam_North_Holland_Province.html
3193,https://www.tripadvisor.com/Restaurant_Review-g188590-d16823723-Reviews-De_Bakkersfiets-Amsterdam_North_Holland_Province.html
3194,https://www.tripadvisor.com/Restaurant_Review-g188590-d2478540-Reviews-De_Barderij_II-Amsterdam_North_Holland_Province.html
3195,https://www.tripadvisor.com/Restaurant_Review-g188590-d7083206-Reviews-Dutch_Pancake_House_Candela-Amsterdam_North_Holland_Province.html
3196,https://www.tripadvisor.com/Restaurant_Review-g188590-d17534667-Reviews-Paaseiland-Amsterdam_North_Holland_Province.html
3197,https://www.tripadvisor.com/Restaurant_Review-g188590-d12437207-Reviews-FEBO-Amsterdam_North_Holland_Province.html
3198,https://www.tripadvisor.com/Restaurant_Review-g188590-d19843363-Reviews-Brasserie_Lolita-Amsterdam_North_Holland_Province.html
3199,https://www.tripadvisor.com/Restaurant_Review-g188590-d12641017-Reviews-Cafe_Het_Bruine_Paard-Amsterdam_North_Holland_Province.html
3200,https://www.tripadvisor.com/Restaurant_Review-g188590-d10784458-Reviews-How_Do_You_Roll-Amsterdam_North_Holland_Province.html
3201,https://www.tripadvisor.com/Restaurant_Review-g188590-d10376830-Reviews-Amigo_Restaurant-Amsterdam_North_Holland_Province.html
3202,https://www.tripadvisor.com/Restaurant_Review-g188590-d17479527-Reviews-Proper_Ribs-Amsterdam_North_Holland_Province.html
3203,https://www.tripadvisor.com/Restaurant_Review-g188590-d17335114-Reviews-Sweet_Fantasies_B_V-Amsterdam_North_Holland_Province.html
3204,https://www.tripadvisor.com/Restaurant_Review-g188590-d15198611-Reviews-Restaurant_Amstelle-Amsterdam_North_Holland_Province.html
3205,https://www.tripadvisor.com/Restaurant_Review-g188590-d14050967-Reviews-Vlaamsch_Broohuys-Amsterdam_North_Holland_Province.html
3206,https://www.tripadvisor.com/Restaurant_Review-g188590-d4291495-Reviews-Konak_Restaurant-Amsterdam_North_Holland_Province.html
3207,https://www.tripadvisor.com/Restaurant_Review-g188590-d12590526-Reviews-Mount_Everest_Tandoori-Amsterdam_North_Holland_Province.html
3208,https://www.tripadvisor.com/Restaurant_Review-g188590-d12208968-Reviews-Miriam_Grillroom_Shoarma-Amsterdam_North_Holland_Province.html
3209,https://www.tripadvisor.com/Restaurant_Review-g188590-d2213363-Reviews-La_Cubanita-Amsterdam_North_Holland_Province.html
3210,https://www.tripadvisor.com/Restaurant_Review-g188590-d4736382-Reviews-Palazzo-Amsterdam_North_Holland_Province.html
3211,https://www.tripadvisor.com/Restaurant_Review-g188590-d14066604-Reviews-KasKantine-Amsterdam_North_Holland_Province.html
3212,https://www.tripadvisor.com/Restaurant_Review-g188590-d15092195-Reviews-Majesteit_Taart-Amsterdam_North_Holland_Province.html
3213,https://www.tripadvisor.com/Restaurant_Review-g188590-d1144439-Reviews-Zushi-Amsterdam_North_Holland_Province.html
3214,https://www.tripadvisor.com/Restaurant_Review-g188590-d12709215-Reviews-Bar_Leijten-Amsterdam_North_Holland_Province.html
3215,https://www.tripadvisor.com/Restaurant_Review-g188590-d6634991-Reviews-Dapur_Kita-Amsterdam_North_Holland_Province.html
3216,https://www.tripadvisor.com/Restaurant_Review-g188590-d7222907-Reviews-Halal_Falafel_Fast_Food-Amsterdam_North_Holland_Province.html
3217,https://www.tripadvisor.com/Restaurant_Review-g188590-d753150-Reviews-Bella_Italia-Amsterdam_North_Holland_Province.html
3218,https://www.tripadvisor.com/Restaurant_Review-g188590-d15029538-Reviews-Healthybelly-Amsterdam_North_Holland_Province.html
3219,https://www.tripadvisor.com/Restaurant_Review-g188590-d2179703-Reviews-Lunchroom_Downtown-Amsterdam_North_Holland_Province.html
3220,https://www.tripadvisor.com/Restaurant_Review-g188590-d11827078-Reviews-New_York_Pizza-Amsterdam_North_Holland_Province.html
3221,https://www.tripadvisor.com/Restaurant_Review-g188590-d19276455-Reviews-Black_Burger_Ribs-Amsterdam_North_Holland_Province.html
3222,https://www.tripadvisor.com/Restaurant_Review-g188590-d7904920-Reviews-Bij_Marjan-Amsterdam_North_Holland_Province.html
3223,https://www.tripadvisor.com/Restaurant_Review-g188590-d10810577-Reviews-Coffeeshop_DNA-Amsterdam_North_Holland_Province.html
3224,https://www.tripadvisor.com/Restaurant_Review-g188590-d12503689-Reviews-De_Kroon-Amsterdam_North_Holland_Province.html
3225,https://www.tripadvisor.com/Restaurant_Review-g188590-d19284363-Reviews-The_Yeti-Amsterdam_North_Holland_Province.html
3226,https://www.tripadvisor.com/Restaurant_Review-g188590-d4328782-Reviews-Ashoka_Amsterdam_Centrum-Amsterdam_North_Holland_Province.html
3227,https://www.tripadvisor.com/Restaurant_Review-g188590-d753143-Reviews-Lagonda-Amsterdam_North_Holland_Province.html
3228,https://www.tripadvisor.com/Restaurant_Review-g188590-d9610057-Reviews-Cafe_Restaurant_Plein_40_45-Amsterdam_North_Holland_Province.html
3229,https://www.tripadvisor.com/Restaurant_Review-g188590-d13960315-Reviews-Monopoly_Burger-Amsterdam_North_Holland_Province.html
3230,https://www.tripadvisor.com/Restaurant_Review-g188590-d11756568-Reviews-Simon_Levelt_Jodenbree-Amsterdam_North_Holland_Province.html
3231,https://www.tripadvisor.com/Restaurant_Review-g188590-d10504870-Reviews-Wagamama-Amsterdam_North_Holland_Province.html
3232,https://www.tripadvisor.com/Restaurant_Review-g188590-d10765890-Reviews-Adam_Siam-Amsterdam_North_Holland_Province.html
3233,https://www.tripadvisor.com/Restaurant_Review-g188590-d17409085-Reviews-Maoz_Vegan-Amsterdam_North_Holland_Province.html
3234,https://www.tripadvisor.com/Restaurant_Review-g188590-d15667687-Reviews-Cafe_Woodz-Amsterdam_North_Holland_Province.html
3235,https://www.tripadvisor.com/Restaurant_Review-g188590-d14139299-Reviews-Italian_District-Amsterdam_North_Holland_Province.html
3236,https://www.tripadvisor.com/Restaurant_Review-g188590-d1381506-Reviews-Kitsch-Amsterdam_North_Holland_Province.html
3237,https://www.tripadvisor.com/Restaurant_Review-g188590-d20149150-Reviews-Karavaan-Amsterdam_North_Holland_Province.html
3238,https://www.tripadvisor.com/Restaurant_Review-g188590-d948896-Reviews-De_Blauwe_Hollander-Amsterdam_North_Holland_Province.html
3239,https://www.tripadvisor.com/Restaurant_Review-g188590-d2570378-Reviews-La_Casa_Argentina-Amsterdam_North_Holland_Province.html
3240,https://www.tripadvisor.com/Restaurant_Review-g188590-d7236195-Reviews-Brasserie_Pit-Amsterdam_North_Holland_Province.html
3241,https://www.tripadvisor.com/Restaurant_Review-g188590-d1104331-Reviews-De_Hapjeshoek-Amsterdam_North_Holland_Province.html
3242,https://www.tripadvisor.com/Restaurant_Review-g188590-d11848380-Reviews-TrueStory_Juicery-Amsterdam_North_Holland_Province.html
3243,https://www.tripadvisor.com/Restaurant_Review-g188590-d15680095-Reviews-Il_Peperoncino-Amsterdam_North_Holland_Province.html
3244,https://www.tripadvisor.com/Restaurant_Review-g188590-d1724981-Reviews-Stoop_Stoop_Eetcafe-Amsterdam_North_Holland_Province.html
3245,https://www.tripadvisor.com/Restaurant_Review-g188590-d4156913-Reviews-Maria_Steak_House-Amsterdam_North_Holland_Province.html
3246,https://www.tripadvisor.com/Restaurant_Review-g188590-d12523548-Reviews-Westside_Slotermeer-Amsterdam_North_Holland_Province.html
3247,https://www.tripadvisor.com/Restaurant_Review-g188590-d10529150-Reviews-Jim_s_Food_Bar-Amsterdam_North_Holland_Province.html
3248,https://www.tripadvisor.com/Restaurant_Review-g188590-d11877240-Reviews-Al_Ninen-Amsterdam_North_Holland_Province.html
3249,https://www.tripadvisor.com/Restaurant_Review-g188590-d4760413-Reviews-Rosticceria_Italiana-Amsterdam_North_Holland_Province.html
3250,https://www.tripadvisor.com/Restaurant_Review-g188590-d857970-Reviews-Mayur-Amsterdam_North_Holland_Province.html
3251,https://www.tripadvisor.com/Restaurant_Review-g188590-d12593334-Reviews-Meram_Burger-Amsterdam_North_Holland_Province.html
3252,https://www.tripadvisor.com/Restaurant_Review-g188590-d14021816-Reviews-KebapcI-Amsterdam_North_Holland_Province.html
3253,https://www.tripadvisor.com/Restaurant_Review-g188590-d13315429-Reviews-Het_Rijk_Van_De_Keizer-Amsterdam_North_Holland_Province.html
3254,https://www.tripadvisor.com/Restaurant_Review-g188590-d15571184-Reviews-Cafetaria_Nefertiti-Amsterdam_North_Holland_Province.html
3255,https://www.tripadvisor.com/Restaurant_Review-g188590-d18942345-Reviews-Wereldrestaurant_A2-Amsterdam_North_Holland_Province.html
3256,https://www.tripadvisor.com/Restaurant_Review-g188590-d14176608-Reviews-Ashoka_Kinker-Amsterdam_North_Holland_Province.html
3257,https://www.tripadvisor.com/Restaurant_Review-g188590-d8854197-Reviews-Grand_Cafe_Mahler-Amsterdam_North_Holland_Province.html
3258,https://www.tripadvisor.com/Restaurant_Review-g188590-d13198128-Reviews-Eetcafe_Dinges-Amsterdam_North_Holland_Province.html
3259,https://www.tripadvisor.com/Restaurant_Review-g188590-d8809897-Reviews-Van_Wou-Amsterdam_North_Holland_Province.html
3260,https://www.tripadvisor.com/Restaurant_Review-g188590-d4227022-Reviews-La_Bella_Vita_Casto-Amsterdam_North_Holland_Province.html
3261,https://www.tripadvisor.com/Restaurant_Review-g188590-d12205087-Reviews-Yumler-Amsterdam_North_Holland_Province.html
3262,https://www.tripadvisor.com/Restaurant_Review-g188590-d1475669-Reviews-LA_BOCA-Amsterdam_North_Holland_Province.html
3263,https://www.tripadvisor.com/Restaurant_Review-g188590-d15866691-Reviews-Carstens_Brasserie_Amsterdam-Amsterdam_North_Holland_Province.html
3264,https://www.tripadvisor.com/Restaurant_Review-g188590-d7292218-Reviews-SoyTasty-Amsterdam_North_Holland_Province.html
3265,https://www.tripadvisor.com/Restaurant_Review-g188590-d13196459-Reviews-Mekong_Cafe-Amsterdam_North_Holland_Province.html
3266,https://www.tripadvisor.com/Restaurant_Review-g188590-d12972122-Reviews-Serifoglu_Osdorp-Amsterdam_North_Holland_Province.html
3267,https://www.tripadvisor.com/Restaurant_Review-g188590-d18314625-Reviews-Lexi_s_Coffee_Bakery-Amsterdam_North_Holland_Province.html
3268,https://www.tripadvisor.com/Restaurant_Review-g188590-d7699859-Reviews-Febo_Boulevard-Amsterdam_North_Holland_Province.html
3269,https://www.tripadvisor.com/Restaurant_Review-g188590-d10134584-Reviews-Restaurant_Pizzeria_Lucca_Due-Amsterdam_North_Holland_Province.html
3270,https://www.tripadvisor.com/Restaurant_Review-g188590-d7083366-Reviews-Kookerij_de_Singel_Huiskamerrestaurant-Amsterdam_North_Holland_Province.html
3271,https://www.tripadvisor.com/Restaurant_Review-g188590-d19114436-Reviews-Toro_Asado-Amsterdam_North_Holland_Province.html
3272,https://www.tripadvisor.com/Restaurant_Review-g188590-d10713299-Reviews-Rapha_Cycle_Club-Amsterdam_North_Holland_Province.html
3273,https://www.tripadvisor.com/Restaurant_Review-g188590-d14955827-Reviews-Oaks_Amsterdam-Amsterdam_North_Holland_Province.html
3274,https://www.tripadvisor.com/Restaurant_Review-g188590-d12386020-Reviews-Bouchee-Amsterdam_North_Holland_Province.html
3275,https://www.tripadvisor.com/Restaurant_Review-g188590-d11671406-Reviews-Arles-Amsterdam_North_Holland_Province.html
3276,https://www.tripadvisor.com/Restaurant_Review-g188590-d10807927-Reviews-Grill_Steakhouse_mama-Amsterdam_North_Holland_Province.html
3277,https://www.tripadvisor.com/Restaurant_Review-g188590-d19284011-Reviews-Greazy-Amsterdam_North_Holland_Province.html
3278,https://www.tripadvisor.com/Restaurant_Review-g188590-d8024450-Reviews-Fris-Amsterdam_North_Holland_Province.html
3279,https://www.tripadvisor.com/Restaurant_Review-g188590-d3831042-Reviews-Rice_Spice_Asian_Deli-Amsterdam_North_Holland_Province.html
3280,https://www.tripadvisor.com/Restaurant_Review-g188590-d14174484-Reviews-Burgers_N_Ribs-Amsterdam_North_Holland_Province.html
3281,https://www.tripadvisor.com/Restaurant_Review-g188590-d1200726-Reviews-Indrapura-Amsterdam_North_Holland_Province.html
3282,https://www.tripadvisor.com/Restaurant_Review-g188590-d17288089-Reviews-Noor_Alsham-Amsterdam_North_Holland_Province.html
3283,https://www.tripadvisor.com/Restaurant_Review-g188590-d12504057-Reviews-The_Walrus_the_Carpenter-Amsterdam_North_Holland_Province.html
3284,https://www.tripadvisor.com/Restaurant_Review-g188590-d15532405-Reviews-Vascobelo_V_point_Eurocenter-Amsterdam_North_Holland_Province.html
3285,https://www.tripadvisor.com/Restaurant_Review-g188590-d16337523-Reviews-Bakkerij_Eethuis_Lavina-Amsterdam_North_Holland_Province.html
3286,https://www.tripadvisor.com/Restaurant_Review-g188590-d7161999-Reviews-Alles_Voor_de_Lunch-Amsterdam_North_Holland_Province.html
3287,https://www.tripadvisor.com/Restaurant_Review-g188590-d1007893-Reviews-Assaggi-Amsterdam_North_Holland_Province.html
3288,https://www.tripadvisor.com/Restaurant_Review-g188590-d12617747-Reviews-Royal_Pancakes-Amsterdam_North_Holland_Province.html
3289,https://www.tripadvisor.com/Restaurant_Review-g188590-d15610466-Reviews-Pizzabakkers-Amsterdam_North_Holland_Province.html
3290,https://www.tripadvisor.com/Restaurant_Review-g188590-d806900-Reviews-Chengdu-Amsterdam_North_Holland_Province.html
3291,https://www.tripadvisor.com/Restaurant_Review-g188590-d9717657-Reviews-Hunkar_Restaurant-Amsterdam_North_Holland_Province.html
3292,https://www.tripadvisor.com/Restaurant_Review-g188590-d10083775-Reviews-Febo-Amsterdam_North_Holland_Province.html
3293,https://www.tripadvisor.com/Restaurant_Review-g188590-d697058-Reviews-Blue_Pepper_Restaurant_And_Candlelight_Cruises-Amsterdam_North_Holland_Province.html
3294,https://www.tripadvisor.com/Restaurant_Review-g188590-d15634757-Reviews-Restaurant_Du_Maroc-Amsterdam_North_Holland_Province.html
3295,https://www.tripadvisor.com/Restaurant_Review-g188590-d19502977-Reviews-Angie_Cocktails_Kitchen-Amsterdam_North_Holland_Province.html
3296,https://www.tripadvisor.com/Restaurant_Review-g188590-d12787225-Reviews-Viswinkel_IJburg-Amsterdam_North_Holland_Province.html
3297,https://www.tripadvisor.com/Restaurant_Review-g188590-d10399988-Reviews-Kenko_Kitchen-Amsterdam_North_Holland_Province.html
3298,https://www.tripadvisor.com/Restaurant_Review-g188590-d12451221-Reviews-Steakhouse_Maximas-Amsterdam_North_Holland_Province.html
3299,https://www.tripadvisor.com/Restaurant_Review-g188590-d19260980-Reviews-Cafe_Bistro_Publiek-Amsterdam_North_Holland_Province.html
3300,https://www.tripadvisor.com/Restaurant_Review-g188590-d12590526-Reviews-Mount_Everest_Tandoori-Amsterdam_North_Holland_Province.html
3301,https://www.tripadvisor.com/Restaurant_Review-g188590-d17369401-Reviews-Dabka-Amsterdam_North_Holland_Province.html
3302,https://www.tripadvisor.com/Restaurant_Review-g188590-d10755211-Reviews-Bullewijck_by_Par_Hasard-Amsterdam_North_Holland_Province.html
3303,https://www.tripadvisor.com/Restaurant_Review-g188590-d17381772-Reviews-Redbone-Amsterdam_North_Holland_Province.html
3304,https://www.tripadvisor.com/Restaurant_Review-g188590-d17634524-Reviews-Henks_Haring-Amsterdam_North_Holland_Province.html
3305,https://www.tripadvisor.com/Restaurant_Review-g188590-d14203308-Reviews-Joe_The_Juice-Amsterdam_North_Holland_Province.html
3306,https://www.tripadvisor.com/Restaurant_Review-g188590-d15191497-Reviews-Dimitri_s_Grand_Cafe-Amsterdam_North_Holland_Province.html
3307,https://www.tripadvisor.com/Restaurant_Review-g188590-d13405666-Reviews-Schumich_Cafe-Amsterdam_North_Holland_Province.html
3308,https://www.tripadvisor.com/Restaurant_Review-g188590-d17424149-Reviews-Smullers-Amsterdam_North_Holland_Province.html
3309,https://www.tripadvisor.com/Restaurant_Review-g188590-d17222659-Reviews-Hummus_and_Zo-Amsterdam_North_Holland_Province.html
3310,https://www.tripadvisor.com/Restaurant_Review-g188590-d13456625-Reviews-Efendy_Restaurant_Cafe-Amsterdam_North_Holland_Province.html
3311,https://www.tripadvisor.com/Restaurant_Review-g188590-d17168902-Reviews-Boi_Boi_Southwest-Amsterdam_North_Holland_Province.html
3312,https://www.tripadvisor.com/Restaurant_Review-g188590-d15321373-Reviews-Le_Coeur_Bistrotheque-Amsterdam_North_Holland_Province.html
3313,https://www.tripadvisor.com/Restaurant_Review-g188590-d4168876-Reviews-2B_Lounge_Bar-Amsterdam_North_Holland_Province.html
3314,https://www.tripadvisor.com/Restaurant_Review-g188590-d3914237-Reviews-B_B_Luxe_Lunch_Buffet_Styling-Amsterdam_North_Holland_Province.html
3315,https://www.tripadvisor.com/Restaurant_Review-g188590-d11923636-Reviews-Pizza_Speranza-Amsterdam_North_Holland_Province.html
3316,https://www.tripadvisor.com/Restaurant_Review-g188590-d12196301-Reviews-Kims_Burgers_Broodjes-Amsterdam_North_Holland_Province.html
3317,https://www.tripadvisor.com/Restaurant_Review-g188590-d10201230-Reviews-Moussaique-Amsterdam_North_Holland_Province.html
3318,https://www.tripadvisor.com/Restaurant_Review-g188590-d10376830-Reviews-Amigo_Restaurant-Amsterdam_North_Holland_Province.html
3319,https://www.tripadvisor.com/Restaurant_Review-g188590-d753179-Reviews-Fook_Sing-Amsterdam_North_Holland_Province.html
3320,https://www.tripadvisor.com/Restaurant_Review-g188590-d11912899-Reviews-New_York_Pizza-Amsterdam_North_Holland_Province.html
3321,https://www.tripadvisor.com/Restaurant_Review-g188590-d18454850-Reviews-District_Coffee_Amsterdam-Amsterdam_North_Holland_Province.html
3322,https://www.tripadvisor.com/Restaurant_Review-g188590-d15613015-Reviews-The_Tajine_Bar-Amsterdam_North_Holland_Province.html
3323,https://www.tripadvisor.com/Restaurant_Review-g188590-d6205452-Reviews-Lunchroom_Sapp-Amsterdam_North_Holland_Province.html
3324,https://www.tripadvisor.com/Restaurant_Review-g188590-d10765890-Reviews-Adam_Siam-Amsterdam_North_Holland_Province.html
3325,https://www.tripadvisor.com/Restaurant_Review-g188590-d6416411-Reviews-Grand_Cafe_Restaurant_Vrienden-Amsterdam_North_Holland_Province.html
3326,https://www.tripadvisor.com/Restaurant_Review-g188590-d15812540-Reviews-Tolbar-Amsterdam_North_Holland_Province.html
3327,https://www.tripadvisor.com/Restaurant_Review-g188590-d16851403-Reviews-Little_Chinatown-Amsterdam_North_Holland_Province.html
3328,https://www.tripadvisor.com/Restaurant_Review-g188590-d11688358-Reviews-SAPORA_concept-Amsterdam_North_Holland_Province.html
3329,https://www.tripadvisor.com/Restaurant_Review-g188590-d12729581-Reviews-Bar_Jones-Amsterdam_North_Holland_Province.html
3330,https://www.tripadvisor.com/Restaurant_Review-g188590-d10134584-Reviews-Restaurant_Pizzeria_Lucca_Due-Amsterdam_North_Holland_Province.html
3331,https://www.tripadvisor.com/Restaurant_Review-g188590-d8651213-Reviews-La_Piccola_Storia-Amsterdam_North_Holland_Province.html
3332,https://www.tripadvisor.com/Restaurant_Review-g188590-d12811740-Reviews-Indonesia_Permai-Amsterdam_North_Holland_Province.html
3333,https://www.tripadvisor.com/Restaurant_Review-g188590-d7243251-Reviews-Robin_Food-Amsterdam_North_Holland_Province.html
3334,https://www.tripadvisor.com/Restaurant_Review-g188590-d14180640-Reviews-McDonald_s-Amsterdam_North_Holland_Province.html
3335,https://www.tripadvisor.com/Restaurant_Review-g188590-d7740465-Reviews-Brasserie_Roezemoes-Amsterdam_North_Holland_Province.html
3336,https://www.tripadvisor.com/Restaurant_Review-g188590-d7988671-Reviews-Cafe_Panache-Amsterdam_North_Holland_Province.html
3337,https://www.tripadvisor.com/Restaurant_Review-g188590-d10761792-Reviews-Wurst_Schnitzelhaus_Central_Station-Amsterdam_North_Holland_Province.html
3338,https://www.tripadvisor.com/Restaurant_Review-g188590-d13425044-Reviews-Restaurant_A_la_Ghazi-Amsterdam_North_Holland_Province.html
3339,https://www.tripadvisor.com/Restaurant_Review-g188590-d15557380-Reviews-Alsham_Delights-Amsterdam_North_Holland_Province.html
3340,https://www.tripadvisor.com/Restaurant_Review-g188590-d13138833-Reviews-The_Barn-Amsterdam_North_Holland_Province.html
3341,https://www.tripadvisor.com/Restaurant_Review-g188590-d12970792-Reviews-The_Kiwi-Amsterdam_North_Holland_Province.html
3342,https://www.tripadvisor.com/Restaurant_Review-g188590-d14109165-Reviews-Pompet-Amsterdam_North_Holland_Province.html
3343,https://www.tripadvisor.com/Restaurant_Review-g188590-d10134584-Reviews-Restaurant_Pizzeria_Lucca_Due-Amsterdam_North_Holland_Province.html
3344,https://www.tripadvisor.com/Restaurant_Review-g188590-d12249510-Reviews-Hap_Li_Express-Amsterdam_North_Holland_Province.html
3345,https://www.tripadvisor.com/Restaurant_Review-g188590-d2292740-Reviews-Comedy_Cafe-Amsterdam_North_Holland_Province.html
3346,https://www.tripadvisor.com/Restaurant_Review-g188590-d17706332-Reviews-Mr_Crab_Zuidas-Amsterdam_North_Holland_Province.html
3347,https://www.tripadvisor.com/Restaurant_Review-g188590-d3589289-Reviews-Gustavino-Amsterdam_North_Holland_Province.html
3348,https://www.tripadvisor.com/Restaurant_Review-g188590-d8722644-Reviews-Vishuisje_Herengracht-Amsterdam_North_Holland_Province.html
3349,https://www.tripadvisor.com/Restaurant_Review-g188590-d4005067-Reviews-Vandaag_Amsterdam-Amsterdam_North_Holland_Province.html
3350,https://www.tripadvisor.com/Restaurant_Review-g188590-d10535693-Reviews-Cafe_Waldeck-Amsterdam_North_Holland_Province.html
3351,https://www.tripadvisor.com/Restaurant_Review-g188590-d9832244-Reviews-Meram_Osdorp-Amsterdam_North_Holland_Province.html
3352,https://www.tripadvisor.com/Restaurant_Review-g188590-d1114179-Reviews-Tom_Yam-Amsterdam_North_Holland_Province.html
3353,https://www.tripadvisor.com/Restaurant_Review-g188590-d11859321-Reviews-Cafe_Palm_Springs-Amsterdam_North_Holland_Province.html
3354,https://www.tripadvisor.com/Restaurant_Review-g188590-d753136-Reviews-Claes_Claesz_in_de_Jordaan-Amsterdam_North_Holland_Province.html
3355,https://www.tripadvisor.com/Restaurant_Review-g188590-d19409911-Reviews-La_Zoccola_Leidseplein-Amsterdam_North_Holland_Province.html
3356,https://www.tripadvisor.com/Restaurant_Review-g188590-d7318448-Reviews-Henk-Amsterdam_North_Holland_Province.html
3357,https://www.tripadvisor.com/Restaurant_Review-g188590-d12908576-Reviews-Sandwich_Shop_Velida_s-Amsterdam_North_Holland_Province.html
3358,https://www.tripadvisor.com/Restaurant_Review-g188590-d6450975-Reviews-Warung_Mini_II-Amsterdam_North_Holland_Province.html
3359,https://www.tripadvisor.com/Restaurant_Review-g188590-d3830766-Reviews-La_Margarita_Caribisch_Cafe_Restaurant-Amsterdam_North_Holland_Province.html
3360,https://www.tripadvisor.com/Restaurant_Review-g188590-d806069-Reviews-De_Duivel-Amsterdam_North_Holland_Province.html
3361,https://www.tripadvisor.com/Restaurant_Review-g188590-d12585326-Reviews-Nour_Kebab_Restaurant-Amsterdam_North_Holland_Province.html
3362,https://www.tripadvisor.com/Restaurant_Review-g188590-d18187938-Reviews-Hula_Hula-Amsterdam_North_Holland_Province.html
3363,https://www.tripadvisor.com/Restaurant_Review-g188590-d1554779-Reviews-Stanislavski_Restaurant-Amsterdam_North_Holland_Province.html
3364,https://www.tripadvisor.com/Restaurant_Review-g188590-d4283714-Reviews-Pie_Nong_Thai-Amsterdam_North_Holland_Province.html
3365,https://www.tripadvisor.com/Restaurant_Review-g188590-d1475670-Reviews-Pizzeria_Tivoli-Amsterdam_North_Holland_Province.html
3366,https://www.tripadvisor.com/Restaurant_Review-g188590-d12665328-Reviews-African_Kitchen-Amsterdam_North_Holland_Province.html
3367,https://www.tripadvisor.com/Restaurant_Review-g188590-d2228019-Reviews-Amigo_Argentijns_Restaurant-Amsterdam_North_Holland_Province.html
3368,https://www.tripadvisor.com/Restaurant_Review-g188590-d3733287-Reviews-Jacques_Jour-Amsterdam_North_Holland_Province.html
3369,https://www.tripadvisor.com/Restaurant_Review-g188590-d12787346-Reviews-Lunchroom_Bruist-Amsterdam_North_Holland_Province.html
3370,https://www.tripadvisor.com/Restaurant_Review-g188590-d4022718-Reviews-Brasserie_3_5_3-Amsterdam_North_Holland_Province.html
3371,https://www.tripadvisor.com/Restaurant_Review-g188590-d13966537-Reviews-The_Old_Man_Amsterdam-Amsterdam_North_Holland_Province.html
3372,https://www.tripadvisor.com/Restaurant_Review-g188590-d953676-Reviews-G_D_R_Os_Lusitanos-Amsterdam_North_Holland_Province.html
3373,https://www.tripadvisor.com/Restaurant_Review-g188590-d1144439-Reviews-Zushi-Amsterdam_North_Holland_Province.html
3374,https://www.tripadvisor.com/Restaurant_Review-g188590-d7381796-Reviews-Maenaam_Thai_Restaurant-Amsterdam_North_Holland_Province.html
3375,https://www.tripadvisor.com/Restaurant_Review-g188590-d14769598-Reviews-Cafe_Plan_West-Amsterdam_North_Holland_Province.html
3376,https://www.tripadvisor.com/Restaurant_Review-g188590-d15886876-Reviews-Sapporo_Ramen_Sora-Amsterdam_North_Holland_Province.html
3377,https://www.tripadvisor.com/Restaurant_Review-g188590-d21012589-Reviews-Take_Me_Home-Amsterdam_North_Holland_Province.html
3378,https://www.tripadvisor.com/Restaurant_Review-g188590-d17601912-Reviews-Cartel_coffee_cocktails-Amsterdam_North_Holland_Province.html
3379,https://www.tripadvisor.com/Restaurant_Review-g188590-d12670270-Reviews-Grillroom_Shoarma_Mesut-Amsterdam_North_Holland_Province.html
3380,https://www.tripadvisor.com/Restaurant_Review-g188590-d1888918-Reviews-ISOLA_BELLA-Amsterdam_North_Holland_Province.html
3381,https://www.tripadvisor.com/Restaurant_Review-g188590-d20306735-Reviews-Gertrude-Amsterdam_North_Holland_Province.html
3382,https://www.tripadvisor.com/Restaurant_Review-g188590-d20992679-Reviews-Restaurant_Kien-Amsterdam_North_Holland_Province.html
3383,https://www.tripadvisor.com/Restaurant_Review-g188590-d17807320-Reviews-Baohuis-Amsterdam_North_Holland_Province.html
3384,https://www.tripadvisor.com/Restaurant_Review-g188590-d19368208-Reviews-Amsterdam_Coffee_Shop-Amsterdam_North_Holland_Province.html
3385,https://www.tripadvisor.com/Restaurant_Review-g188590-d4097746-Reviews-Broodje_van_Kootje-Amsterdam_North_Holland_Province.html
3386,https://www.tripadvisor.com/Restaurant_Review-g188590-d4523228-Reviews-Restaurant_Mendoza-Amsterdam_North_Holland_Province.html
3387,https://www.tripadvisor.com/Restaurant_Review-g188590-d11701903-Reviews-Restaurant_New_Draver-Amsterdam_North_Holland_Province.html
3388,https://www.tripadvisor.com/Restaurant_Review-g188590-d13108357-Reviews-Bar_Bateau-Amsterdam_North_Holland_Province.html
3389,https://www.tripadvisor.com/Restaurant_Review-g188590-d9610231-Reviews-Beymen_Restaurant_Club-Amsterdam_North_Holland_Province.html
3390,https://www.tripadvisor.com/Restaurant_Review-g188590-d15609869-Reviews-Hoopman-Amsterdam_North_Holland_Province.html
3391,https://www.tripadvisor.com/Restaurant_Review-g188590-d4112701-Reviews-Ristorante_Spuntino-Amsterdam_North_Holland_Province.html
3392,https://www.tripadvisor.com/Restaurant_Review-g188590-d15866691-Reviews-Carstens_Brasserie_Amsterdam-Amsterdam_North_Holland_Province.html
3393,https://www.tripadvisor.com/Restaurant_Review-g188590-d15073424-Reviews-Spaghetteria_Daniel_Stalpertstraat-Amsterdam_North_Holland_Province.html
3394,https://www.tripadvisor.com/Restaurant_Review-g188590-d11910527-Reviews-Restaurant_Flavourtown-Amsterdam_North_Holland_Province.html
3395,https://www.tripadvisor.com/Restaurant_Review-g188590-d18716820-Reviews-The_School_of_Life_Amsterdam-Amsterdam_North_Holland_Province.html
3396,https://www.tripadvisor.com/Restaurant_Review-g188590-d9761931-Reviews-Warung_Solo-Amsterdam_North_Holland_Province.html
3397,https://www.tripadvisor.com/Restaurant_Review-g188590-d7368430-Reviews-Asian_Flavours-Amsterdam_North_Holland_Province.html
3398,https://www.tripadvisor.com/Restaurant_Review-g188590-d17351655-Reviews-El_Pibe-Amsterdam_North_Holland_Province.html
3399,https://www.tripadvisor.com/Restaurant_Review-g188590-d20201772-Reviews-Hikage-Amsterdam_North_Holland_Province.html
3400,https://www.tripadvisor.com/Restaurant_Review-g188590-d10331674-Reviews-Marhaba-Amsterdam_North_Holland_Province.html
3401,https://www.tripadvisor.com/Restaurant_Review-g188590-d12374952-Reviews-Oz_kismet-Amsterdam_North_Holland_Province.html
3402,https://www.tripadvisor.com/Restaurant_Review-g188590-d20067101-Reviews-Oeuf-Amsterdam_North_Holland_Province.html
3403,https://www.tripadvisor.com/Restaurant_Review-g188590-d20256011-Reviews-Trattoria_Graziella-Amsterdam_North_Holland_Province.html
3404,https://www.tripadvisor.com/Restaurant_Review-g188590-d2451988-Reviews-L_Invite-Amsterdam_North_Holland_Province.html
3405,https://www.tripadvisor.com/Restaurant_Review-g188590-d6527304-Reviews-Robbie_Brood_en_Tostie-Amsterdam_North_Holland_Province.html
3406,https://www.tripadvisor.com/Restaurant_Review-g188590-d12872448-Reviews-Coffee_Blends-Amsterdam_North_Holland_Province.html
3407,https://www.tripadvisor.com/Restaurant_Review-g188590-d12827734-Reviews-Doner_palace-Amsterdam_North_Holland_Province.html
3408,https://www.tripadvisor.com/Restaurant_Review-g188590-d19890515-Reviews-Grillhouse_Zion-Amsterdam_North_Holland_Province.html
3409,https://www.tripadvisor.com/Restaurant_Review-g188590-d11600869-Reviews-Dan_Murphy_s_Irish_Bar-Amsterdam_North_Holland_Province.html
3410,https://www.tripadvisor.com/Restaurant_Review-g188590-d5971541-Reviews-Restaurant_Johannes-Amsterdam_North_Holland_Province.html
3411,https://www.tripadvisor.com/Restaurant_Review-g188590-d10761792-Reviews-Wurst_Schnitzelhaus_Central_Station-Amsterdam_North_Holland_Province.html
3412,https://www.tripadvisor.com/Restaurant_Review-g188590-d17596963-Reviews-Bao_huis_Amsterdam-Amsterdam_North_Holland_Province.html
3413,https://www.tripadvisor.com/Restaurant_Review-g188590-d14038967-Reviews-Coffee_Company-Amsterdam_North_Holland_Province.html
3414,https://www.tripadvisor.com/Restaurant_Review-g188590-d7994573-Reviews-B_Juice-Amsterdam_North_Holland_Province.html
3415,https://www.tripadvisor.com/Restaurant_Review-g188590-d7045223-Reviews-La_Perla_Plaza-Amsterdam_North_Holland_Province.html
3416,https://www.tripadvisor.com/Restaurant_Review-g188590-d19890485-Reviews-Patisserie_Rahmouni-Amsterdam_North_Holland_Province.html
3417,https://www.tripadvisor.com/Restaurant_Review-g188590-d12585326-Reviews-Nour_Kebab_Restaurant-Amsterdam_North_Holland_Province.html
3418,https://www.tripadvisor.com/Restaurant_Review-g188590-d1063193-Reviews-De_Spaanse_Ruiter-Amsterdam_North_Holland_Province.html
3419,https://www.tripadvisor.com/Restaurant_Review-g188590-d20098157-Reviews-Goldfin-Amsterdam_North_Holland_Province.html
3420,https://www.tripadvisor.com/Restaurant_Review-g188590-d19088691-Reviews-Burger_Boys-Amsterdam_North_Holland_Province.html
3421,https://www.tripadvisor.com/Restaurant_Review-g188590-d9702857-Reviews-Asian_Taste-Amsterdam_North_Holland_Province.html
3422,https://www.tripadvisor.com/Restaurant_Review-g188590-d19988300-Reviews-Flo_s_Appetizing-Amsterdam_North_Holland_Province.html
3423,https://www.tripadvisor.com/Restaurant_Review-g188590-d2436636-Reviews-Ristorante_Italiano_Peppino-Amsterdam_North_Holland_Province.html
3424,https://www.tripadvisor.com/Restaurant_Review-g188590-d17827268-Reviews-Bar_Mimi-Amsterdam_North_Holland_Province.html
3425,https://www.tripadvisor.com/Restaurant_Review-g188590-d13326789-Reviews-Grey_Tree_Bakery-Amsterdam_North_Holland_Province.html
3426,https://www.tripadvisor.com/Restaurant_Review-g188590-d19611412-Reviews-PANCAKES_Amsterdam_Zuidas-Amsterdam_North_Holland_Province.html
3427,https://www.tripadvisor.com/Restaurant_Review-g188590-d4506870-Reviews-Diciotto-Amsterdam_North_Holland_Province.html
3428,https://www.tripadvisor.com/Restaurant_Review-g188590-d12831589-Reviews-Gouden_Kom_Ijburg-Amsterdam_North_Holland_Province.html
3429,https://www.tripadvisor.com/Restaurant_Review-g188590-d15321373-Reviews-Le_Coeur_Bistrotheque-Amsterdam_North_Holland_Province.html
3430,https://www.tripadvisor.com/Restaurant_Review-g188590-d19753022-Reviews-Plant_Based_Sushi-Amsterdam_North_Holland_Province.html
3431,https://www.tripadvisor.com/Restaurant_Review-g188590-d9467758-Reviews-Halal_Fried_Chicken_de_Vlugtlaan-Amsterdam_North_Holland_Province.html
3432,https://www.tripadvisor.com/Restaurant_Review-g188590-d12671329-Reviews-Cafe_Treffers-Amsterdam_North_Holland_Province.html
3433,https://www.tripadvisor.com/Restaurant_Review-g188590-d19409654-Reviews-Hot_and_Hot_Amsterdam_Hotpot-Amsterdam_North_Holland_Province.html
3434,https://www.tripadvisor.com/Restaurant_Review-g188590-d13165290-Reviews-Maria_To_Go-Amsterdam_North_Holland_Province.html
3435,https://www.tripadvisor.com/Restaurant_Review-g188590-d2179703-Reviews-Lunchroom_Downtown-Amsterdam_North_Holland_Province.html
3436,https://www.tripadvisor.com/Restaurant_Review-g188590-d7285304-Reviews-Eethuis_Arena_Doner-Amsterdam_North_Holland_Province.html
3437,https://www.tripadvisor.com/Restaurant_Review-g188590-d17396022-Reviews-Doner_Kebab_Old_Bridge-Amsterdam_North_Holland_Province.html
3438,https://www.tripadvisor.com/Restaurant_Review-g188590-d14204041-Reviews-Domino_s_Pizza-Amsterdam_North_Holland_Province.html
3439,https://www.tripadvisor.com/Restaurant_Review-g188590-d10795891-Reviews-Studio_Westpoort-Amsterdam_North_Holland_Province.html
3440,https://www.tripadvisor.com/Restaurant_Review-g188590-d7219338-Reviews-Foyer_Popup_Restaurant-Amsterdam_North_Holland_Province.html
3441,https://www.tripadvisor.com/Restaurant_Review-g188590-d2481057-Reviews-Grand_Cafe_Restaurant_1e_klas-Amsterdam_North_Holland_Province.html
3442,https://www.tripadvisor.com/Restaurant_Review-g188590-d17388944-Reviews-JP_Oyster_Bar-Amsterdam_North_Holland_Province.html
3443,https://www.tripadvisor.com/Restaurant_Review-g188590-d14004492-Reviews-Burger_n_Shake-Amsterdam_North_Holland_Province.html
3444,https://www.tripadvisor.com/Restaurant_Review-g188590-d9745904-Reviews-Zenzai_Sushi-Amsterdam_North_Holland_Province.html
3445,https://www.tripadvisor.com/Restaurant_Review-g188590-d10467094-Reviews-A_Loja-Amsterdam_North_Holland_Province.html
3446,https://www.tripadvisor.com/Restaurant_Review-g188590-d8582383-Reviews-Ton_Van_Schaick-Amsterdam_North_Holland_Province.html
3447,https://www.tripadvisor.com/Restaurant_Review-g188590-d4005067-Reviews-Vandaag_Amsterdam-Amsterdam_North_Holland_Province.html
3448,https://www.tripadvisor.com/Restaurant_Review-g188590-d1213146-Reviews-Moti_Mahal-Amsterdam_North_Holland_Province.html
3449,https://www.tripadvisor.com/Restaurant_Review-g188590-d16719641-Reviews-Hookah_Vape_Lounge-Amsterdam_North_Holland_Province.html
3450,https://www.tripadvisor.com/Restaurant_Review-g188590-d18338236-Reviews-Mr_Plaenty-Amsterdam_North_Holland_Province.html
3451,https://www.tripadvisor.com/Restaurant_Review-g188590-d17843850-Reviews-Ice_Ice_Baby-Amsterdam_North_Holland_Province.html
3452,https://www.tripadvisor.com/Restaurant_Review-g188590-d12548980-Reviews-Rayleigh_and_Ramsay-Amsterdam_North_Holland_Province.html
3453,https://www.tripadvisor.com/Restaurant_Review-g188590-d17700849-Reviews-Ginger_Gems-Amsterdam_North_Holland_Province.html
3454,https://www.tripadvisor.com/Restaurant_Review-g188590-d7988671-Reviews-Cafe_Panache-Amsterdam_North_Holland_Province.html
3455,https://www.tripadvisor.com/Restaurant_Review-g188590-d15634743-Reviews-Joe_The_Juice-Amsterdam_North_Holland_Province.html
3456,https://www.tripadvisor.com/Restaurant_Review-g188590-d13198217-Reviews-Maas_Bar_Kitchen-Amsterdam_North_Holland_Province.html
3457,https://www.tripadvisor.com/Restaurant_Review-g188590-d3734067-Reviews-Nam_Kee-Amsterdam_North_Holland_Province.html
3458,https://www.tripadvisor.com/Restaurant_Review-g188590-d17375238-Reviews-Eetcafe_Landlust-Amsterdam_North_Holland_Province.html
3459,https://www.tripadvisor.com/Restaurant_Review-g188590-d17568144-Reviews-Ramona-Amsterdam_North_Holland_Province.html
3460,https://www.tripadvisor.com/Restaurant_Review-g188590-d12585326-Reviews-Nour_Kebab_Restaurant-Amsterdam_North_Holland_Province.html
3461,https://www.tripadvisor.com/Restaurant_Review-g188590-d10522262-Reviews-France_Limousin_Slagerij_Poldervaart-Amsterdam_North_Holland_Province.html
3462,https://www.tripadvisor.com/Restaurant_Review-g188590-d10743913-Reviews-T_Museumpleintje-Amsterdam_North_Holland_Province.html
3463,https://www.tripadvisor.com/Restaurant_Review-g188590-d11866775-Reviews-New_York_Pizza-Amsterdam_North_Holland_Province.html
3464,https://www.tripadvisor.com/Restaurant_Review-g188590-d12802814-Reviews-Tavenu-Amsterdam_North_Holland_Province.html
3465,https://www.tripadvisor.com/Restaurant_Review-g188590-d12251759-Reviews-Ox_Bucks-Amsterdam_North_Holland_Province.html
3466,https://www.tripadvisor.com/Restaurant_Review-g188590-d19260980-Reviews-Cafe_Bistro_Publiek-Amsterdam_North_Holland_Province.html
3467,https://www.tripadvisor.com/Restaurant_Review-g188590-d1675052-Reviews-Sugoi_sushi-Amsterdam_North_Holland_Province.html
3468,https://www.tripadvisor.com/Restaurant_Review-g188590-d15791889-Reviews-Cafe_Pontsteiger-Amsterdam_North_Holland_Province.html
3469,https://www.tripadvisor.com/Restaurant_Review-g188590-d15601316-Reviews-The_Can_Bar-Amsterdam_North_Holland_Province.html
3470,https://www.tripadvisor.com/Restaurant_Review-g188590-d16585207-Reviews-Donna_Burger-Amsterdam_North_Holland_Province.html
3471,https://www.tripadvisor.com/Restaurant_Review-g188590-d13385651-Reviews-Domino_s_Pizza-Amsterdam_North_Holland_Province.html
3472,https://www.tripadvisor.com/Restaurant_Review-g188590-d7083206-Reviews-Dutch_Pancake_House_Candela-Amsterdam_North_Holland_Province.html
3473,https://www.tripadvisor.com/Restaurant_Review-g188590-d11715784-Reviews-Tugra_Baklava-Amsterdam_North_Holland_Province.html
3474,https://www.tripadvisor.com/Restaurant_Review-g188590-d17336941-Reviews-Amsterdam_Omaira_eiland-Amsterdam_North_Holland_Province.html
3475,https://www.tripadvisor.com/Restaurant_Review-g188590-d7078154-Reviews-Mari_Rasa-Amsterdam_North_Holland_Province.html
3476,https://www.tripadvisor.com/Restaurant_Review-g188590-d10736328-Reviews-Sranant_Food-Amsterdam_North_Holland_Province.html
3477,https://www.tripadvisor.com/Restaurant_Review-g188590-d13136699-Reviews-Doppio_Espresso_Amsterdam_Zuidas-Amsterdam_North_Holland_Province.html
3478,https://www.tripadvisor.com/Restaurant_Review-g188590-d15321373-Reviews-Le_Coeur_Bistrotheque-Amsterdam_North_Holland_Province.html
3479,https://www.tripadvisor.com/Restaurant_Review-g188590-d15183749-Reviews-Espressofabriek-Amsterdam_North_Holland_Province.html
3480,https://www.tripadvisor.com/Restaurant_Review-g188590-d12140033-Reviews-Beis-Amsterdam_North_Holland_Province.html
3481,https://www.tripadvisor.com/Restaurant_Review-g188590-d16881190-Reviews-Busaba_Thai_Take_Out-Amsterdam_North_Holland_Province.html
3482,https://www.tripadvisor.com/Restaurant_Review-g188590-d13821541-Reviews-Chef_Sjef-Amsterdam_North_Holland_Province.html
3483,https://www.tripadvisor.com/Restaurant_Review-g188590-d5065075-Reviews-Mafaldo-Amsterdam_North_Holland_Province.html
3484,https://www.tripadvisor.com/Restaurant_Review-g188590-d19409911-Reviews-La_Zoccola_Leidseplein-Amsterdam_North_Holland_Province.html
3485,https://www.tripadvisor.com/Restaurant_Review-g188590-d15321373-Reviews-Le_Coeur_Bistrotheque-Amsterdam_North_Holland_Province.html
3486,https://www.tripadvisor.com/Restaurant_Review-g188590-d11045213-Reviews-Cafe_Saarein-Amsterdam_North_Holland_Province.html
3487,https://www.tripadvisor.com/Restaurant_Review-g188590-d15224357-Reviews-Raam_Amsterdam-Amsterdam_North_Holland_Province.html
3488,https://www.tripadvisor.com/Restaurant_Review-g188590-d8675008-Reviews-Ola_Swirls-Amsterdam_North_Holland_Province.html
3489,https://www.tripadvisor.com/Restaurant_Review-g188590-d12687524-Reviews-Parsa_Iranian_Food-Amsterdam_North_Holland_Province.html
3490,https://www.tripadvisor.com/Restaurant_Review-g188590-d2161149-Reviews-Baan_Thai-Amsterdam_North_Holland_Province.html
3491,https://www.tripadvisor.com/Restaurant_Review-g188590-d4325874-Reviews-Cafe_De_Blauwe_Druif-Amsterdam_North_Holland_Province.html
3492,https://www.tripadvisor.com/Restaurant_Review-g188590-d2509993-Reviews-Restaurant_Flinckx-Amsterdam_North_Holland_Province.html
3493,https://www.tripadvisor.com/Restaurant_Review-g188590-d13815759-Reviews-Iambe-Amsterdam_North_Holland_Province.html
3494,https://www.tripadvisor.com/Restaurant_Review-g188590-d4263240-Reviews-Euro_Pub-Amsterdam_North_Holland_Province.html
3495,https://www.tripadvisor.com/Restaurant_Review-g188590-d15601672-Reviews-Dining_27-Amsterdam_North_Holland_Province.html
3496,https://www.tripadvisor.com/Restaurant_Review-g188590-d10045268-Reviews-Carrots_Co-Amsterdam_North_Holland_Province.html
3497,https://www.tripadvisor.com/Restaurant_Review-g188590-d19260980-Reviews-Cafe_Bistro_Publiek-Amsterdam_North_Holland_Province.html
3498,https://www.tripadvisor.com/Restaurant_Review-g188590-d746775-Reviews-Holendrecht-Amsterdam_North_Holland_Province.html
3499,https://www.tripadvisor.com/Restaurant_Review-g188590-d15607739-Reviews-Cafe_De_Kerk-Amsterdam_North_Holland_Province.html
3500,https://www.tripadvisor.com/Restaurant_Review-g188590-d15007150-Reviews-The_Golden_Elephant-Amsterdam_North_Holland_Province.html
3501,https://www.tripadvisor.com/Restaurant_Review-g188590-d15594286-Reviews-Lunch_Hoek-Amsterdam_North_Holland_Province.html
3502,https://www.tripadvisor.com/Restaurant_Review-g188590-d11760237-Reviews-Croissanterie_Chhiwat_Bladi-Amsterdam_North_Holland_Province.html
3503,https://www.tripadvisor.com/Restaurant_Review-g188590-d1724981-Reviews-Stoop_Stoop_Eetcafe-Amsterdam_North_Holland_Province.html
3504,https://www.tripadvisor.com/Restaurant_Review-g188590-d12508469-Reviews-Toko_To_Go-Amsterdam_North_Holland_Province.html
3505,https://www.tripadvisor.com/Restaurant_Review-g188590-d13115131-Reviews-Papa_John_s-Amsterdam_North_Holland_Province.html
3506,https://www.tripadvisor.com/Restaurant_Review-g188590-d6879059-Reviews-Restaurant_Bar_Bistro_Select-Amsterdam_North_Holland_Province.html
3507,https://www.tripadvisor.com/Restaurant_Review-g188590-d4782366-Reviews-Destra_Del_Ponte-Amsterdam_North_Holland_Province.html
3508,https://www.tripadvisor.com/Restaurant_Review-g188590-d17462092-Reviews-BUNK_Restaurant_Amsterdam-Amsterdam_North_Holland_Province.html
3509,https://www.tripadvisor.com/Restaurant_Review-g188590-d12067969-Reviews-Tulsi_Indian_Restaurant-Amsterdam_North_Holland_Province.html
3510,https://www.tripadvisor.com/Restaurant_Review-g188590-d13165294-Reviews-Ferilli_s-Amsterdam_North_Holland_Province.html
3511,https://www.tripadvisor.com/Restaurant_Review-g188590-d12941537-Reviews-Cafe_FAME-Amsterdam_North_Holland_Province.html
3512,https://www.tripadvisor.com/Restaurant_Review-g188590-d14002672-Reviews-Lebkov_Sons_Zuidas-Amsterdam_North_Holland_Province.html
3513,https://www.tripadvisor.com/Restaurant_Review-g188590-d14950338-Reviews-Wrappiez-Amsterdam_North_Holland_Province.html
3514,https://www.tripadvisor.com/Restaurant_Review-g188590-d7189015-Reviews-Indian_Restaurant_Amsterdam-Amsterdam_North_Holland_Province.html
3515,https://www.tripadvisor.com/Restaurant_Review-g188590-d4523228-Reviews-Restaurant_Mendoza-Amsterdam_North_Holland_Province.html
3516,https://www.tripadvisor.com/Restaurant_Review-g188590-d12831572-Reviews-Thai_Express-Amsterdam_North_Holland_Province.html
3517,https://www.tripadvisor.com/Restaurant_Review-g188590-d14760110-Reviews-Drink_N_Sink-Amsterdam_North_Holland_Province.html
3518,https://www.tripadvisor.com/Restaurant_Review-g188590-d10331720-Reviews-Marhaba_East-Amsterdam_North_Holland_Province.html
3519,https://www.tripadvisor.com/Restaurant_Review-g188590-d8118182-Reviews-Vishandel_Smit-Amsterdam_North_Holland_Province.html
3520,https://www.tripadvisor.com/Restaurant_Review-g188590-d5113108-Reviews-Chinese_Seafood_Restaurant-Amsterdam_North_Holland_Province.html
3521,https://www.tripadvisor.com/Restaurant_Review-g188590-d11646231-Reviews-Bar_Wisse-Amsterdam_North_Holland_Province.html
3522,https://www.tripadvisor.com/Restaurant_Review-g188590-d11646231-Reviews-Bar_Wisse-Amsterdam_North_Holland_Province.html
3523,https://www.tripadvisor.com/Restaurant_Review-g188590-d12814346-Reviews-Broodbakkerij_van_der_Heijden-Amsterdam_North_Holland_Province.html
3524,https://www.tripadvisor.com/Restaurant_Review-g188590-d14088508-Reviews-Restaurant_Dizinghof-Amsterdam_North_Holland_Province.html
3525,https://www.tripadvisor.com/Restaurant_Review-g188590-d19244340-Reviews-The_Meets-Amsterdam_North_Holland_Province.html
3526,https://www.tripadvisor.com/Restaurant_Review-g188590-d14945355-Reviews-Grand_cafe_La_Guardia-Amsterdam_North_Holland_Province.html
3527,https://www.tripadvisor.com/Restaurant_Review-g188590-d9982451-Reviews-Tropical_Brasil_Restaurant_Bar-Amsterdam_North_Holland_Province.html
3528,https://www.tripadvisor.com/Restaurant_Review-g188590-d697038-Reviews-Tomo_Sushi-Amsterdam_North_Holland_Province.html
3529,https://www.tripadvisor.com/Restaurant_Review-g188590-d13350635-Reviews-Grand_Cafe_Ravel-Amsterdam_North_Holland_Province.html
3530,https://www.tripadvisor.com/Restaurant_Review-g188590-d12709251-Reviews-Eskina_Brasil-Amsterdam_North_Holland_Province.html
3531,https://www.tripadvisor.com/Restaurant_Review-g188590-d8380890-Reviews-Teddy-Amsterdam_North_Holland_Province.html
3532,https://www.tripadvisor.com/Restaurant_Review-g188590-d19719585-Reviews-Cannabis_Bakehouse-Amsterdam_North_Holland_Province.html
3533,https://www.tripadvisor.com/Restaurant_Review-g188590-d20024354-Reviews-QV_Winebar_Osteria-Amsterdam_North_Holland_Province.html
3534,https://www.tripadvisor.com/Restaurant_Review-g188590-d4325874-Reviews-Cafe_De_Blauwe_Druif-Amsterdam_North_Holland_Province.html
3535,https://www.tripadvisor.com/Restaurant_Review-g188590-d3600508-Reviews-Ferrara-Amsterdam_North_Holland_Province.html
3536,https://www.tripadvisor.com/Restaurant_Review-g188590-d12195465-Reviews-Fabians_Pizza_Steak_House-Amsterdam_North_Holland_Province.html
3537,https://www.tripadvisor.com/Restaurant_Review-g188590-d7083334-Reviews-De_Oude_Melkfabriek-Amsterdam_North_Holland_Province.html
3538,https://www.tripadvisor.com/Restaurant_Review-g188590-d13348690-Reviews-Fetch-Amsterdam_North_Holland_Province.html
3539,https://www.tripadvisor.com/Restaurant_Review-g188590-d6371837-Reviews-Eetcafe_Noorderster-Amsterdam_North_Holland_Province.html
3540,https://www.tripadvisor.com/Restaurant_Review-g188590-d1007893-Reviews-Assaggi-Amsterdam_North_Holland_Province.html
3541,https://www.tripadvisor.com/Restaurant_Review-g188590-d10559287-Reviews-Haringstal_De_Zeevang-Amsterdam_North_Holland_Province.html
3542,https://www.tripadvisor.com/Restaurant_Review-g188590-d1113830-Reviews-Westerliefde-Amsterdam_North_Holland_Province.html
3543,https://www.tripadvisor.com/Restaurant_Review-g188590-d13129649-Reviews-Kong_Kha_Thai-Amsterdam_North_Holland_Province.html
3544,https://www.tripadvisor.com/Restaurant_Review-g188590-d19568116-Reviews-Jade_Restaurant_New_Century_Hotel-Amsterdam_North_Holland_Province.html
3545,https://www.tripadvisor.com/Restaurant_Review-g188590-d16698807-Reviews-Casa_Nouva-Amsterdam_North_Holland_Province.html
3546,https://www.tripadvisor.com/Restaurant_Review-g188590-d4328782-Reviews-Ashoka_Amsterdam_Centrum-Amsterdam_North_Holland_Province.html
3547,https://www.tripadvisor.com/Restaurant_Review-g188590-d8497455-Reviews-KFC_Akerpoort-Amsterdam_North_Holland_Province.html
3548,https://www.tripadvisor.com/Restaurant_Review-g188590-d8511445-Reviews-Davvero-Amsterdam_North_Holland_Province.html
3549,https://www.tripadvisor.com/Restaurant_Review-g188590-d2093618-Reviews-Los_Amigos-Amsterdam_North_Holland_Province.html
3550,https://www.tripadvisor.com/Restaurant_Review-g188590-d13500537-Reviews-Bar_Dumas-Amsterdam_North_Holland_Province.html
3551,https://www.tripadvisor.com/Restaurant_Review-g188590-d1408535-Reviews-Duke_of_Windsor-Amsterdam_North_Holland_Province.html
3552,https://www.tripadvisor.com/Restaurant_Review-g188590-d1229275-Reviews-Bussia-Amsterdam_North_Holland_Province.html
3553,https://www.tripadvisor.com/Restaurant_Review-g188590-d19239891-Reviews-Dimsum_District-Amsterdam_North_Holland_Province.html
3554,https://www.tripadvisor.com/Restaurant_Review-g188590-d17727974-Reviews-Sushito_Magna_Plaza-Amsterdam_North_Holland_Province.html
3555,https://www.tripadvisor.com/Restaurant_Review-g188590-d3148847-Reviews-Cafe_Frontline-Amsterdam_North_Holland_Province.html
3556,https://www.tripadvisor.com/Restaurant_Review-g188590-d13074318-Reviews-JuiceBrothers_Zuidas-Amsterdam_North_Holland_Province.html
3557,https://www.tripadvisor.com/Restaurant_Review-g188590-d7812397-Reviews-Molen_Bakkerij-Amsterdam_North_Holland_Province.html
3558,https://www.tripadvisor.com/Restaurant_Review-g188590-d1475669-Reviews-LA_BOCA-Amsterdam_North_Holland_Province.html
3559,https://www.tripadvisor.com/Restaurant_Review-g188590-d10761792-Reviews-Wurst_Schnitzelhaus_Central_Station-Amsterdam_North_Holland_Province.html
3560,https://www.tripadvisor.com/Restaurant_Review-g188590-d2012808-Reviews-Arabic_Lounge-Amsterdam_North_Holland_Province.html
3561,https://www.tripadvisor.com/Restaurant_Review-g188590-d12913411-Reviews-Broodjes_en_boontjes-Amsterdam_North_Holland_Province.html
3562,https://www.tripadvisor.com/Restaurant_Review-g188590-d17396079-Reviews-Meneer_Pannenkoek-Amsterdam_North_Holland_Province.html
3563,https://www.tripadvisor.com/Restaurant_Review-g188590-d10285837-Reviews-The_Burning_Pans-Amsterdam_North_Holland_Province.html
3564,https://www.tripadvisor.com/Restaurant_Review-g188590-d12710023-Reviews-Kilimanjaro_Take_me_Away-Amsterdam_North_Holland_Province.html
3565,https://www.tripadvisor.com/Restaurant_Review-g188590-d11994463-Reviews-Royale_Biladi_Cafe_En_Restaurant-Amsterdam_North_Holland_Province.html
3566,https://www.tripadvisor.com/Restaurant_Review-g188590-d17450818-Reviews-Enfes_Restaurant-Amsterdam_North_Holland_Province.html
3567,https://www.tripadvisor.com/Restaurant_Review-g188590-d13172171-Reviews-Shuka-Amsterdam_North_Holland_Province.html
3568,https://www.tripadvisor.com/Restaurant_Review-g188590-d12558907-Reviews-Charley_s-Amsterdam_North_Holland_Province.html
3569,https://www.tripadvisor.com/Restaurant_Review-g188590-d14167680-Reviews-Zeeduivel-Amsterdam_North_Holland_Province.html
3570,https://www.tripadvisor.com/Restaurant_Review-g188590-d12909027-Reviews-The_Hen_House-Amsterdam_North_Holland_Province.html
3571,https://www.tripadvisor.com/Restaurant_Review-g188590-d1888918-Reviews-ISOLA_BELLA-Amsterdam_North_Holland_Province.html
3572,https://www.tripadvisor.com/Restaurant_Review-g188590-d2236742-Reviews-Fogata-Amsterdam_North_Holland_Province.html
3573,https://www.tripadvisor.com/Restaurant_Review-g188590-d8606829-Reviews-Taco_Mundo_Amsterdam_Oud_West-Amsterdam_North_Holland_Province.html
3574,https://www.tripadvisor.com/Restaurant_Review-g188590-d17848384-Reviews-Skybar_Universe-Amsterdam_North_Holland_Province.html
3575,https://www.tripadvisor.com/Restaurant_Review-g188590-d10083760-Reviews-Villa_Don-Amsterdam_North_Holland_Province.html
3576,https://www.tripadvisor.com/Restaurant_Review-g188590-d17424185-Reviews-Eetsalon_Broodnodig-Amsterdam_North_Holland_Province.html
3577,https://www.tripadvisor.com/Restaurant_Review-g188590-d5971541-Reviews-Restaurant_Johannes-Amsterdam_North_Holland_Province.html
3578,https://www.tripadvisor.com/Restaurant_Review-g188590-d15791892-Reviews-The_5th-Amsterdam_North_Holland_Province.html
3579,https://www.tripadvisor.com/Restaurant_Review-g188590-d17527080-Reviews-Lunchroom_Soussi-Amsterdam_North_Holland_Province.html
3580,https://www.tripadvisor.com/Restaurant_Review-g188590-d8378617-Reviews-De_Keet-Amsterdam_North_Holland_Province.html
3581,https://www.tripadvisor.com/Restaurant_Review-g188590-d13951036-Reviews-Kofte_Kitchen-Amsterdam_North_Holland_Province.html
3582,https://www.tripadvisor.com/Restaurant_Review-g188590-d1907304-Reviews-Natuurlijk_Smullen-Amsterdam_North_Holland_Province.html
3583,https://www.tripadvisor.com/Restaurant_Review-g188590-d857970-Reviews-Mayur-Amsterdam_North_Holland_Province.html
3584,https://www.tripadvisor.com/Restaurant_Review-g188590-d17581309-Reviews-Franky_s_Steakhouse_Sports-Amsterdam_North_Holland_Province.html
3585,https://www.tripadvisor.com/Restaurant_Review-g188590-d10517466-Reviews-The_Marina_Club_Amsterdam-Amsterdam_North_Holland_Province.html
3586,https://www.tripadvisor.com/Restaurant_Review-g188590-d17548006-Reviews-Hoki_Snacks-Amsterdam_North_Holland_Province.html
3587,https://www.tripadvisor.com/Restaurant_Review-g188590-d19256728-Reviews-Mama_S_Keuken-Amsterdam_North_Holland_Province.html
3588,https://www.tripadvisor.com/Restaurant_Review-g188590-d15747634-Reviews-CoffeebarMok-Amsterdam_North_Holland_Province.html
3589,https://www.tripadvisor.com/Restaurant_Review-g188590-d1007893-Reviews-Assaggi-Amsterdam_North_Holland_Province.html
3590,https://www.tripadvisor.com/Restaurant_Review-g188590-d12543509-Reviews-T_Halve_Werk-Amsterdam_North_Holland_Province.html
3591,https://www.tripadvisor.com/Restaurant_Review-g188590-d12447705-Reviews-Fashion_Cafe-Amsterdam_North_Holland_Province.html
3592,https://www.tripadvisor.com/Restaurant_Review-g188590-d1372430-Reviews-Il_Boccalino-Amsterdam_North_Holland_Province.html
3593,https://www.tripadvisor.com/Restaurant_Review-g188590-d12525563-Reviews-Panzerotti-Amsterdam_North_Holland_Province.html
3594,https://www.tripadvisor.com/Restaurant_Review-g188590-d11912912-Reviews-New_York_Pizza-Amsterdam_North_Holland_Province.html
3595,https://www.tripadvisor.com/Restaurant_Review-g188590-d1552511-Reviews-Shah_jahan-Amsterdam_North_Holland_Province.html
3596,https://www.tripadvisor.com/Restaurant_Review-g188590-d10134584-Reviews-Restaurant_Pizzeria_Lucca_Due-Amsterdam_North_Holland_Province.html
3597,https://www.tripadvisor.com/Restaurant_Review-g188590-d3588945-Reviews-San_Stefano-Amsterdam_North_Holland_Province.html
3598,https://www.tripadvisor.com/Restaurant_Review-g188590-d12093982-Reviews-Istanbul_plaza_Kebab-Amsterdam_North_Holland_Province.html
3599,https://www.tripadvisor.com/Restaurant_Review-g188590-d12640699-Reviews-Cafe_Marktzicht-Amsterdam_North_Holland_Province.html
